car_id,target_2
v-1144396k,break_bug
b13819346G,break_bug
z-1088987H,electro_bug
K-2091756f,engine_check
k15500468F,engine_overheat
z-8173252R,engine_check
n-1101328J,engine_check
u22877602M,gear_stick
Z70075253s,engine_check
k42770139y,gear_stick
I-7000625d,electro_bug
P50548773h,engine_overheat
v44548974Z,engine_check
m-1844852f,engine_fuel
H-9264153U,engine_ignition
n57547367n,wheel_shake
g-1073863c,engine_ignition
E24085349I,another_bug
l-1294820h,break_bug
p21460413l,engine_fuel
k50267468W,engine_check
z10636869d,engine_overheat
y12315854e,gear_stick
x21023699P,engine_ignition
x14167513R,engine_fuel
O-9046173T,engine_fuel
Q13645631a,electro_bug
A12510158A,another_bug
u41972803V,electro_bug
G16978643T,break_bug
K18195568h,wheel_shake
b18074055q,engine_overheat
S11584247k,another_bug
O-1561345Z,wheel_shake
L-4855905y,another_bug
C-1859974Y,break_bug
h-1893997b,engine_check
L-1443299f,engine_ignition
f13240028e,gear_stick
p-5123764A,engine_ignition
M-2103148Q,break_bug
C22687255W,engine_overheat
B38103659x,engine_ignition
Q96528797Q,electro_bug
m11248043Y,engine_ignition
P-1578006l,engine_ignition
w12262900N,electro_bug
D-2040684W,engine_ignition
w-1379693n,engine_overheat
S95346141R,break_bug
w72809010Z,another_bug
b21731330D,engine_fuel
d-7389312N,engine_ignition
Z14089608E,wheel_shake
X15278156o,another_bug
L17290420U,another_bug
k-1402604E,engine_overheat
V-1287957H,electro_bug
F-1071951c,break_bug
t12115540e,engine_ignition
U17011151c,wheel_shake
e-1346871S,engine_ignition
M85655105F,engine_ignition
a-1350330u,electro_bug
p61534081A,engine_fuel
r-1802951U,another_bug
V-1462727o,engine_overheat
Z53130609s,electro_bug
O-1719763e,engine_ignition
l14828435D,another_bug
A18986159Q,another_bug
L43850500U,engine_fuel
d-1752148D,another_bug
a17492322b,break_bug
E-5365034H,engine_check
K18647136I,wheel_shake
r87790593l,another_bug
r-2145681U,engine_check
N21549504S,engine_check
C21153088b,engine_fuel
C13329591i,electro_bug
c19190549B,another_bug
c-7218950C,engine_check
M80011314S,engine_check
r17270328g,engine_fuel
P26862032y,another_bug
r-1420423L,engine_ignition
d-6059385g,wheel_shake
O46277827S,engine_check
K-1046480R,gear_stick
L-4419208s,another_bug
N-2786065T,engine_ignition
d54342978l,break_bug
C58987152s,break_bug
Q-2184494X,engine_overheat
c96735434W,another_bug
p42582088t,electro_bug
y86690541N,engine_fuel
y50309519c,engine_check
P-2393603g,engine_ignition
w-1461207H,another_bug
R-1780898E,electro_bug
A-1856124X,another_bug
P-8824926D,engine_check
I13549873x,engine_ignition
x10112572t,engine_fuel
Z22442763a,engine_ignition
z-1015422a,engine_fuel
J-5439360F,break_bug
J36898675g,gear_stick
j-9339318G,another_bug
N-2016305E,engine_check
t-4850332O,break_bug
x12105006B,engine_overheat
J21700418V,engine_overheat
Z12767571E,engine_check
s-1374162A,gear_stick
F-1374015U,engine_overheat
g16482583D,engine_ignition
T44002322d,engine_overheat
D-1755442T,engine_fuel
Q-1116334A,engine_overheat
y12934938h,engine_overheat
H88419425N,wheel_shake
V47507709b,electro_bug
S-2232739a,gear_stick
l-5170115d,gear_stick
A-1008700v,electro_bug
T11853320c,break_bug
p-3515537A,engine_fuel
u-1646866u,another_bug
P-4604448W,break_bug
C18231357D,another_bug
E-1345724B,engine_check
d-2277082w,another_bug
B-2099165t,break_bug
g-1515897T,engine_fuel
f14379547k,another_bug
S-5805926A,engine_fuel
I10869368i,engine_check
y-2793216V,electro_bug
r-1095335c,engine_fuel
C-1401873S,gear_stick
r12898936B,gear_stick
U29288600V,engine_fuel
W98863076K,break_bug
R15509192W,engine_overheat
q15371419I,engine_fuel
p53087424q,engine_check
R-1175702r,gear_stick
n-2116584S,electro_bug
k50976844o,engine_check
z-8189420O,another_bug
y82121611A,gear_stick
E-2477368H,break_bug
C59877556M,electro_bug
k14062863Y,engine_ignition
f-1102094e,another_bug
Y10945944j,engine_overheat
Q15946588m,engine_overheat
w-1897022F,wheel_shake
x-1803580A,wheel_shake
m23051480W,electro_bug
N10190493x,another_bug
X-1405917H,electro_bug
h15009563q,gear_stick
q-2516819n,another_bug
d-1025515d,break_bug
c-9012506W,electro_bug
V15602498h,engine_ignition
P-2297900j,engine_fuel
Q-1307929q,gear_stick
L-2476017h,engine_overheat
B15345151p,wheel_shake
X-1564576H,engine_fuel
J16345987p,electro_bug
l-3056832z,another_bug
g13109239q,another_bug
G68062162J,another_bug
S14962213C,electro_bug
h54703896Q,engine_overheat
N-1449484R,another_bug
Q-6026564c,gear_stick
G13107712N,electro_bug
r-2094114o,wheel_shake
Q-6694200z,engine_fuel
Q-2282620q,break_bug
r44873288i,another_bug
Y59189871T,break_bug
r34045606J,break_bug
s14483697u,another_bug
g27832427G,gear_stick
g-1710962W,engine_overheat
Z10528617o,engine_overheat
O95607787P,engine_ignition
R11280657p,engine_fuel
d26461324L,engine_fuel
R-1063907p,engine_overheat
G-1820506d,gear_stick
R-6051277o,engine_fuel
H86611636W,engine_fuel
z21243837l,another_bug
b11481937Q,engine_ignition
i21717470m,gear_stick
d21419444r,gear_stick
W14585566Q,another_bug
F-1579495b,electro_bug
p-1316396v,engine_check
T-1836752y,electro_bug
C-1149943k,another_bug
q-1614764C,engine_check
z11867112l,electro_bug
Y17623598W,another_bug
x15717282p,break_bug
B21262747I,wheel_shake
C28698655n,engine_ignition
j19886345E,break_bug
J10311005U,engine_ignition
V-1670348m,break_bug
y27336623s,engine_overheat
y24429146n,break_bug
W-9387501f,electro_bug
D-7482634h,gear_stick
d17331012p,break_bug
j-1696019N,wheel_shake
f-1058660o,gear_stick
a36623439t,another_bug
H-5115546W,engine_fuel
h-7788633e,break_bug
f10591393r,another_bug
B20270219G,engine_fuel
V45781103X,engine_ignition
o-5235414c,engine_overheat
Z-5017471l,engine_check
e-2235665S,gear_stick
o15700398f,gear_stick
q-1706512a,engine_overheat
g13081340h,engine_fuel
v-1842176Z,wheel_shake
t25627005O,break_bug
B-1191757D,engine_fuel
j22394539I,electro_bug
u-3063900G,wheel_shake
R21826778g,break_bug
n41601340S,another_bug
c16441198c,break_bug
H-4141363s,engine_ignition
W-2080522s,engine_overheat
U99057990Z,electro_bug
x13234820f,another_bug
g16587342k,gear_stick
i-1276427U,electro_bug
v10170573q,engine_ignition
G10167594V,break_bug
s52141897p,break_bug
O-1966579H,another_bug
L-1007961q,engine_check
n81855914K,engine_ignition
W83104678D,break_bug
F-7564629x,engine_fuel
p14265413b,break_bug
q58436059s,engine_fuel
V-2025928I,break_bug
W12561416K,engine_fuel
w22216915I,engine_ignition
b29953421S,another_bug
d22479387G,engine_overheat
K88701561u,wheel_shake
F17006688x,engine_check
c-4869070l,engine_check
w13179032f,engine_overheat
h10365943V,engine_ignition
Y81525374g,engine_fuel
r14509987i,gear_stick
S12098411M,another_bug
S-1829013i,engine_check
u16297876a,engine_check
e10291955G,engine_fuel
V91064420b,electro_bug
S23989544r,engine_overheat
c17683690g,wheel_shake
b-6604655J,engine_fuel
G-2688615j,engine_fuel
V-1988575g,engine_ignition
v-1149248t,gear_stick
a-2617949b,another_bug
A11138703V,engine_ignition
V-1133553A,engine_check
W14303116s,engine_overheat
L29750553q,electro_bug
w-1899529g,break_bug
V10861426k,wheel_shake
v-4151789u,engine_fuel
U33472955Z,break_bug
o-1902485V,wheel_shake
l-2064334S,break_bug
G13087409q,engine_fuel
e21118839y,wheel_shake
d21178020f,electro_bug
q-2844518r,engine_fuel
S22536275a,engine_ignition
Q-1939664j,another_bug
A88892538G,break_bug
W-1935293X,wheel_shake
g-3330901K,break_bug
U-1705068Z,engine_overheat
t58399196U,engine_overheat
V-5031787L,electro_bug
z12238476H,electro_bug
r17165410C,engine_overheat
c-3415077F,gear_stick
S30748083g,break_bug
h16971312v,engine_overheat
H-1768136x,engine_overheat
G-4857181C,another_bug
W-8838631B,gear_stick
M51349033X,another_bug
V16682486P,another_bug
R-8703326U,engine_fuel
y-7689386G,electro_bug
n-1752726a,gear_stick
L-8173232j,wheel_shake
E80697331P,break_bug
X-4497181l,engine_ignition
J14896809i,engine_fuel
J17322729m,another_bug
p59960663G,engine_check
e-1414540s,gear_stick
F-3964014J,break_bug
T74303122c,engine_check
E17377477e,break_bug
I-4530260y,wheel_shake
i58074593Y,engine_ignition
y32038736C,electro_bug
P17641932q,break_bug
N20143618t,electro_bug
X19916105x,engine_ignition
x-1806976X,engine_check
I-2156146W,engine_ignition
a82854038Q,gear_stick
F85638940W,electro_bug
x-1412843m,engine_check
F-1566689Y,engine_fuel
N15419751H,break_bug
R10850998i,engine_check
G-1292613d,break_bug
g17744563h,another_bug
U-3829039Z,engine_overheat
Z-9486823b,wheel_shake
T-2296094Z,gear_stick
P12949430P,engine_overheat
x-1190360X,electro_bug
T-3501276M,wheel_shake
b-1144050p,engine_fuel
y18897906D,gear_stick
s51824650i,another_bug
z-2060984s,another_bug
i-1819418V,gear_stick
J-1005761p,another_bug
s17802282J,break_bug
A-1974790O,gear_stick
N-4509546E,engine_fuel
s-3946836G,engine_overheat
Z56912937B,another_bug
Q12689844L,another_bug
t10890097P,another_bug
P39859325s,another_bug
h10534739M,gear_stick
P13436930j,gear_stick
H-1083263x,gear_stick
J12954848R,engine_fuel
y-2443705X,another_bug
T19096857G,engine_ignition
c-1174160F,break_bug
u-1417374A,wheel_shake
A-5848110l,wheel_shake
z76181487Q,wheel_shake
S-2098737a,gear_stick
H-2230333t,engine_check
f-2014591i,engine_fuel
j-4630662y,break_bug
W11260751b,another_bug
H22227850p,engine_check
t14536727t,engine_ignition
B-7952131a,wheel_shake
K-1455247s,another_bug
u-1787096Q,break_bug
P19365702D,engine_check
p40704831o,engine_ignition
L-1768601d,gear_stick
O-1024190y,engine_overheat
S66799417k,electro_bug
V17214397E,another_bug
F22413222k,break_bug
P16764672u,electro_bug
j11011048a,engine_overheat
F-1578498P,engine_check
g-1618655z,engine_fuel
v-1130659l,engine_fuel
u63199035k,break_bug
n-1568586g,another_bug
Y40569419U,engine_check
V12675591s,engine_fuel
q-1667910D,another_bug
R18515381v,engine_overheat
N20835455F,engine_ignition
E-9579155V,another_bug
S-1055600E,break_bug
z-1908879q,engine_ignition
E-1031754w,engine_check
h-1859342M,engine_fuel
D16129267D,engine_fuel
g43030743J,engine_check
n-9977061W,another_bug
l-1122681W,break_bug
E-8327999V,engine_check
C-2022631F,electro_bug
b10613376z,electro_bug
t-1538477a,wheel_shake
r17174534X,wheel_shake
N73980140g,engine_check
A-1568397K,another_bug
f46840353q,another_bug
u-1368001g,another_bug
i-1143596w,electro_bug
y-1581417D,another_bug
N-1233890J,electro_bug
W-4058651k,engine_ignition
f55573306G,another_bug
X-9041668q,engine_ignition
t74591296a,engine_ignition
b-4278776C,wheel_shake
j21780828r,electro_bug
D19075255d,wheel_shake
f-1671358D,engine_ignition
z11103483l,engine_fuel
M16315117O,electro_bug
P-1094526H,another_bug
I11362532V,another_bug
o50959881O,engine_check
T-3259914w,electro_bug
O-1315686C,engine_ignition
n13911890E,gear_stick
U-2112661G,engine_fuel
m10200726o,engine_check
j22218172N,gear_stick
y-2132058N,break_bug
O-1003233y,engine_ignition
d-1321922n,engine_fuel
w35395828S,electro_bug
s-1947033X,wheel_shake
E-1157731j,gear_stick
N-1114087a,engine_check
z19188921A,gear_stick
q-7310362u,another_bug
C-4986148q,engine_ignition
y-4275557i,engine_ignition
z20882342U,electro_bug
N-5078493M,engine_fuel
z40815402w,engine_ignition
e-1180856W,electro_bug
m-1299016s,wheel_shake
x13527769f,gear_stick
f18952058U,engine_ignition
s-1736339n,engine_fuel
R16167624a,break_bug
m12146227O,engine_overheat
j33245163Y,break_bug
n-5389257c,engine_fuel
w71211076L,electro_bug
b-2339374A,engine_ignition
J-1344229L,engine_overheat
q17188909P,engine_check
x-1602472w,wheel_shake
s35936177S,break_bug
F-1240754m,engine_ignition
U-6656658O,break_bug
Y-8028087x,engine_overheat
x-1772657W,break_bug
Z-7237568D,break_bug
J-6990338U,engine_overheat
a11178858B,gear_stick
o-9991410i,gear_stick
s10682240W,another_bug
W20620126M,electro_bug
I72839897A,electro_bug
y-3255050e,gear_stick
z-3702163V,engine_ignition
C-1963229I,engine_ignition
l-3967693N,wheel_shake
d-1724026r,another_bug
L76434296A,electro_bug
Q-3667918m,engine_ignition
i-8101220S,break_bug
d20377219p,break_bug
T21050898Y,gear_stick
f19681686G,electro_bug
f-2932726D,engine_ignition
J14459593I,engine_overheat
F74882980L,gear_stick
C-1131798E,wheel_shake
z-1365756D,electro_bug
o-2171481C,engine_fuel
M13469240K,engine_ignition
Q-6152196y,electro_bug
q-3388342y,engine_fuel
I47536236w,engine_check
F-7776319p,engine_check
v-4426946e,engine_check
m-1766292n,gear_stick
j-1471406o,engine_fuel
T98973509x,another_bug
m14165491I,break_bug
V-1124357R,engine_fuel
h20397839A,engine_check
C74042804a,engine_overheat
b12031503W,another_bug
N-4896792g,engine_fuel
b-2275155q,engine_ignition
k12063774O,engine_fuel
H11159773Y,another_bug
D-1090618T,gear_stick
j16326656n,another_bug
D-9873216s,break_bug
k-5936776B,another_bug
i-1855433Q,engine_fuel
A80112898t,another_bug
Q28768431h,another_bug
p11850522e,engine_overheat
J12174694t,engine_check
s11036046M,break_bug
V-1500196K,engine_check
D-1876680I,electro_bug
Q-1283680v,electro_bug
q-1496858z,gear_stick
x-2946228k,engine_fuel
k13202703o,engine_check
C22536570E,gear_stick
g94672745E,another_bug
s-1074316u,electro_bug
D37690058E,another_bug
S-8914037k,break_bug
S22507752h,another_bug
S-9866529E,engine_check
Z17493123M,engine_check
r13364256n,engine_ignition
t18175752A,break_bug
I-1716867j,engine_fuel
p-1208786d,engine_check
n78687474O,electro_bug
j16421692R,engine_ignition
E-3821193O,electro_bug
V34927504q,break_bug
a-1473922z,break_bug
d15776715l,electro_bug
H16452762a,gear_stick
b76010787s,electro_bug
a63578164W,wheel_shake
F-1084004F,engine_fuel
F15239012L,engine_overheat
f69331020Y,engine_overheat
i-7797891t,break_bug
w-4527718F,break_bug
J-1453987Y,gear_stick
t60150657x,engine_overheat
P-1017691d,engine_fuel
U-5705407U,electro_bug
a-1516174K,electro_bug
J96023594M,another_bug
s18905349Q,electro_bug
B59656547D,break_bug
K16697749M,electro_bug
P11221735n,electro_bug
m18934286e,electro_bug
V22387041p,another_bug
p21260151V,engine_check
x-2262215b,engine_overheat
M12735397x,another_bug
K-2195474u,engine_ignition
k-3717420q,electro_bug
D-8620176z,engine_check
T-1707296z,engine_ignition
e23605706H,another_bug
d19663297f,engine_ignition
t10331708x,gear_stick
j16775864K,electro_bug
H15363859K,electro_bug
p-1287554T,break_bug
O-3808140b,engine_check
z15354037u,engine_overheat
C-4898966H,break_bug
A-9164185Q,another_bug
A-4189914B,gear_stick
b13665225P,engine_check
y14800101n,break_bug
U18239583n,wheel_shake
R32652593D,break_bug
n69421094D,electro_bug
U12167296M,engine_fuel
y46670472X,engine_overheat
R11562231r,electro_bug
v-1135614H,gear_stick
D10168006t,gear_stick
a-2286607J,wheel_shake
B15329114j,engine_ignition
w-8544262h,gear_stick
Z12515217c,engine_check
K-2100569z,wheel_shake
e12644115T,electro_bug
m15175850o,gear_stick
D25092414w,engine_ignition
q-1466625k,engine_overheat
y12664360z,another_bug
j42926968R,engine_ignition
s17977972o,break_bug
g-2178761e,another_bug
Y-1502755d,electro_bug
B14728584L,gear_stick
b15956829a,engine_check
e13305983A,gear_stick
Q44191142u,gear_stick
D41534075T,engine_overheat
x-4134683v,gear_stick
c-3455074x,break_bug
f15619674i,break_bug
M65217807v,engine_overheat
I-4672497n,engine_check
i34792984q,engine_fuel
O-1195416H,break_bug
h63704444u,engine_fuel
a18969021V,engine_ignition
v-7093033M,gear_stick
S21159511u,electro_bug
Y86595365s,engine_check
s-1044427L,engine_fuel
R75275459s,break_bug
U96039712R,engine_check
R-5461934H,another_bug
O-6212618d,break_bug
N-1041556m,break_bug
j61979873D,wheel_shake
b15738781L,wheel_shake
T96005467b,engine_ignition
C-1981672D,engine_fuel
N94030730f,break_bug
M21945808m,electro_bug
g13575732P,gear_stick
t56241199Z,another_bug
P36811829S,engine_fuel
V21602036D,electro_bug
S-1117388H,engine_check
j-6979067t,engine_overheat
O19426899Y,electro_bug
U60309684R,engine_fuel
v11237000c,electro_bug
X15464044w,electro_bug
S54355620b,gear_stick
m-9908612R,another_bug
y-3554806g,another_bug
X-1090694i,break_bug
w-6728036z,engine_fuel
T10170451j,another_bug
C-1837253z,another_bug
o-1152382g,electro_bug
W-1330042p,gear_stick
l15738226z,gear_stick
c-1926530p,engine_ignition
L10303783Z,engine_overheat
a-1568643c,another_bug
O-8972539M,engine_ignition
S73781957J,engine_fuel
E-1280425J,electro_bug
Z10104863d,electro_bug
g22043506H,engine_overheat
o23001350e,another_bug
J-9839861U,break_bug
e94953435c,engine_overheat
X-2211759N,engine_fuel
q93651463N,engine_fuel
K57428032j,break_bug
d-3083193z,engine_ignition
f-1797266Y,electro_bug
q98852932f,gear_stick
S-3421442M,electro_bug
P13394286K,electro_bug
d26462753A,engine_ignition
K23748310N,another_bug
N54592539I,engine_check
D44495458o,engine_check
I-2390279m,electro_bug
R12636553w,gear_stick
V-1165247i,wheel_shake
D96684486k,electro_bug
a-2304872l,engine_ignition
O62904346y,another_bug
O74822879q,engine_check
H82692468o,engine_check
y18969039i,engine_overheat
d-1384017o,another_bug
X-4103199o,electro_bug
H47240816y,another_bug
L10680799F,another_bug
f-3071364l,wheel_shake
r15303335C,engine_fuel
F17731660l,engine_overheat
d-3609628q,engine_fuel
o-1198137y,engine_ignition
c-5518355N,another_bug
K18666159W,electro_bug
p-9898465R,gear_stick
Q18337528I,engine_fuel
i-1798536O,electro_bug
i-1047390v,another_bug
b91790663S,gear_stick
m22434283g,engine_check
Z-1612965c,another_bug
o10545363H,gear_stick
A42818787I,engine_overheat
h19485331b,engine_check
U21714726f,another_bug
w81568580i,break_bug
P-5992560U,engine_ignition
W-2076090Q,break_bug
V12410202N,another_bug
Q10044876O,engine_check
n-1486990S,engine_check
O-1784776H,break_bug
g14214057R,break_bug
z-2171926s,engine_check
s17076126b,electro_bug
C-2039763P,break_bug
P-1581292n,wheel_shake
k79716384v,break_bug
P17100622e,break_bug
C-1199437F,engine_ignition
Z11202759U,engine_fuel
N17802108m,engine_overheat
G-2283983M,engine_check
f69731358s,engine_check
D-2124314h,electro_bug
j-7686460u,another_bug
e-1849415L,engine_fuel
o-2163444g,engine_ignition
y-1298725p,engine_fuel
f17278475A,engine_check
t11123962X,break_bug
S-7700745d,another_bug
a-1479626G,engine_ignition
f-4453217Z,gear_stick
O11997824U,gear_stick
P-9061192I,gear_stick
e51811403l,gear_stick
c-4047364v,engine_fuel
W42816370r,another_bug
f35415030z,electro_bug
c-1145425s,gear_stick
D72164552V,break_bug
c11007443j,another_bug
B-8417764P,engine_overheat
d11014457a,electro_bug
Z11235572e,engine_ignition
u17439699b,another_bug
T-1791306D,engine_overheat
h-2273942o,engine_check
V-8355494i,gear_stick
N-1209820v,gear_stick
l29710263c,engine_overheat
y-3392026p,engine_ignition
n43251249m,engine_fuel
U69196932b,another_bug
v74919532M,engine_fuel
I86393284q,engine_overheat
l71411549g,engine_ignition
q35763499F,another_bug
t-1491814e,wheel_shake
r17342730Y,engine_fuel
z42649448f,engine_check
W-8034107n,gear_stick
v-1066845t,break_bug
q53453105b,break_bug
C-1713288X,engine_fuel
P-2149760D,electro_bug
U-1787322g,engine_overheat
U-9012455I,wheel_shake
t-2114511B,another_bug
S-2816628e,engine_fuel
i-9778853n,electro_bug
I19789367E,engine_fuel
G14276370L,break_bug
k-1777772h,engine_overheat
f10335002V,electro_bug
o-1144933R,engine_ignition
s-8877579s,wheel_shake
X17137939R,wheel_shake
i58420379g,engine_overheat
H-1474923a,break_bug
J-1949400R,another_bug
B-2792341N,engine_fuel
o87045921G,gear_stick
q76467449B,engine_overheat
M18810170O,engine_check
u-1447767t,wheel_shake
Y82809565p,another_bug
Y12570672A,engine_fuel
K19380681s,gear_stick
v18699270K,engine_check
S-6906944F,engine_ignition
V10291325T,engine_ignition
R-1793570q,engine_fuel
Q-2089640F,electro_bug
H-1021565O,engine_overheat
R-1593870n,gear_stick
Q-2126197z,wheel_shake
i-1831098u,engine_fuel
c-2161088Y,wheel_shake
Z-1789228o,wheel_shake
I-1220332e,engine_fuel
o22721560F,engine_fuel
O-4571416d,break_bug
j-2222839t,engine_check
m46867519P,gear_stick
E72009027S,gear_stick
x78360849z,another_bug
i-9801703g,another_bug
K14225363s,engine_overheat
b-1065863D,engine_fuel
B91949873u,engine_check
q21431200n,engine_ignition
i-1683372f,engine_fuel
s-2199790Y,engine_fuel
j-1507600K,engine_fuel
f-6438275N,another_bug
d-2218519i,engine_overheat
D99036309v,another_bug
o22088966Q,engine_fuel
x13328417Q,electro_bug
d18531552G,engine_check
A12771932i,gear_stick
y25850300V,engine_ignition
z20146080r,electro_bug
J-1044519H,gear_stick
S75733428Q,break_bug
U10921761U,engine_fuel
q-1601248j,engine_check
j11111661P,gear_stick
u-9118724S,engine_fuel
w-5536138L,electro_bug
W-6595677n,break_bug
K29182443X,engine_fuel
L19656421c,wheel_shake
n-1692818C,break_bug
M97002194x,engine_ignition
M83031171D,another_bug
h-1260275x,engine_overheat
p-1301976n,engine_ignition
A-9707538Z,engine_overheat
B10878287Z,break_bug
D-1407934w,engine_fuel
r12243787K,wheel_shake
h10446372P,electro_bug
W-1999957Y,engine_fuel
U34201934p,engine_ignition
O18506004w,engine_ignition
I48543459L,engine_ignition
Z10324100a,another_bug
E-1527239H,electro_bug
g16510617Q,another_bug
Q-8724295c,engine_check
W51510211V,engine_ignition
X28026315O,engine_overheat
V-3827662c,engine_check
y13503976J,gear_stick
F99783306h,gear_stick
t36595641A,break_bug
Y33665076Y,engine_fuel
N-1112822T,engine_ignition
E70965073l,engine_overheat
D13820062l,engine_fuel
c-6362276Q,break_bug
K-7004556d,gear_stick
Y-1137163o,gear_stick
k-8642753i,engine_check
p-1575140a,engine_ignition
j-1635369y,engine_fuel
X-1039595K,gear_stick
q-2083509v,another_bug
n-1870406y,wheel_shake
A27868554S,gear_stick
i-2103198a,engine_check
e-4128801z,engine_overheat
L18981959t,electro_bug
I-2218108x,engine_fuel
d-1564060i,wheel_shake
X-1027344f,another_bug
L12364799G,break_bug
F-1235099H,engine_check
C-1007765h,break_bug
j39252084Q,gear_stick
k10269733y,break_bug
Z61450124J,break_bug
W30719780C,another_bug
y-5522505k,wheel_shake
M-6415708C,another_bug
s-1035445R,engine_overheat
W16419188T,engine_fuel
z15546422B,engine_overheat
c73034627A,engine_fuel
J-5789927U,engine_check
d68542625q,engine_check
W-3918855S,break_bug
y-1960693r,engine_ignition
e22309371G,engine_overheat
D53185325A,wheel_shake
W-1005787y,gear_stick
I-2153182Q,break_bug
v-1379906o,gear_stick
K18082093W,engine_ignition
C-1232521e,another_bug
W68172783G,engine_overheat
o14929547F,engine_ignition
k-1394869z,wheel_shake
V-1260425f,electro_bug
b-2082991D,another_bug
N-1504120u,another_bug
q40913589p,engine_ignition
d22522007X,electro_bug
U19442526o,engine_fuel
q-8211748O,engine_overheat
G21645757P,engine_fuel
f-1544188l,engine_check
O-1917208z,electro_bug
c98739777G,wheel_shake
b15423516B,gear_stick
A17870277V,gear_stick
I19709090m,another_bug
y22534765U,engine_ignition
Y20713162Z,break_bug
O-1496266p,gear_stick
T-8946670J,another_bug
W13303709E,electro_bug
S-1941199W,electro_bug
w-7417314X,another_bug
S22514076Y,another_bug
Z-6475732b,another_bug
g-9948390A,break_bug
g-9044160Q,break_bug
Y-4289485N,break_bug
s-1915162k,engine_overheat
v-5943473J,another_bug
q-8347687W,another_bug
j15445448z,engine_fuel
A-2124503D,another_bug
B-6803942F,engine_ignition
O-1265719G,engine_ignition
H55028665m,engine_overheat
Q15368178n,another_bug
V-1457543W,engine_ignition
Q21905071s,wheel_shake
D-1481957A,engine_ignition
K-2018060C,engine_ignition
s98819832D,engine_fuel
o18390834C,another_bug
h81581925F,engine_overheat
s97857448K,engine_ignition
d95406600n,electro_bug
C38457434E,gear_stick
L-1198729A,engine_check
H48013119Q,engine_check
x19152310h,another_bug
W-1820922G,engine_fuel
t-8272191x,engine_ignition
D22276266g,gear_stick
P24363950C,engine_ignition
x14511996R,break_bug
D-7378506z,engine_ignition
K21554967v,engine_fuel
v49063601F,engine_ignition
x16033759l,electro_bug
a16221715s,electro_bug
n14433776u,engine_overheat
t-1169667E,break_bug
d-1317745C,break_bug
b-1241650H,engine_overheat
M-1564500L,engine_fuel
C-5504037e,engine_overheat
N-4955883D,engine_ignition
Y65119111a,engine_ignition
q-1142740C,electro_bug
y-5538150Q,wheel_shake
j13220247Q,break_bug
u-3499139o,wheel_shake
n26059105a,gear_stick
O22620290F,engine_overheat
C-2109985l,engine_ignition
z-1563165l,engine_overheat
d-6613026I,gear_stick
Q-1994652y,another_bug
n-1001644y,engine_overheat
H-1080221t,engine_fuel
I78763620r,electro_bug
Y-1375350u,another_bug
c21519038H,gear_stick
B-1350860F,engine_overheat
r-1149711B,another_bug
x94278962k,another_bug
k-7061824S,engine_check
g-5811265p,break_bug
D-7581595z,engine_ignition
J-1537055n,engine_ignition
b-5890473y,break_bug
W17645095d,another_bug
w-4050444d,engine_check
v56514594F,electro_bug
b14609843j,engine_ignition
m-2020664r,gear_stick
N-8404692D,another_bug
Z18280438z,electro_bug
g22779030K,another_bug
B-1878767R,engine_fuel
B-5715470y,engine_ignition
W12508218d,break_bug
v46428106d,engine_check
d93831613J,another_bug
H56556338F,gear_stick
D-1124426W,break_bug
N-2301035d,wheel_shake
D18580805x,another_bug
T-1951166r,engine_fuel
X-1676470x,electro_bug
J-1607198Q,break_bug
Z-3542710p,another_bug
Z22045309V,another_bug
p41203669E,wheel_shake
N-2287213h,another_bug
u15360352k,engine_overheat
z-3897630Z,another_bug
V-3211369A,another_bug
J-9927261o,another_bug
p18149041m,engine_fuel
Q-2057628U,engine_ignition
i12681410t,break_bug
R-2233953t,another_bug
Y60433469F,another_bug
w38222273z,engine_ignition
k27436066r,wheel_shake
J45520254V,electro_bug
n43510189n,engine_check
T22278795b,gear_stick
c-1068587j,gear_stick
K13184799e,engine_ignition
k19998626K,engine_fuel
B42000849r,engine_overheat
k10196492t,another_bug
d-1267754X,break_bug
A-1659311o,engine_ignition
a10335566M,gear_stick
b-6795140E,another_bug
U33112065D,engine_overheat
z18578501F,gear_stick
m44514341h,wheel_shake
a-5760910g,break_bug
G34301301p,another_bug
c-2266044l,engine_check
B-9489317w,electro_bug
w44976582d,engine_check
c-1433582X,engine_check
x18647373x,engine_check
o-2112409Z,break_bug
o-2058721l,electro_bug
M-1855288v,electro_bug
W85004787K,engine_overheat
N97144977R,engine_check
g15847628v,engine_overheat
Z10307711C,engine_overheat
P11650386b,break_bug
Y15245292r,engine_overheat
U-7549504U,electro_bug
I-4423575X,break_bug
L37818469K,another_bug
T-1579893R,electro_bug
G-1357879e,engine_ignition
g-2259873Z,wheel_shake
P47658739Q,gear_stick
X-2378217k,engine_ignition
T-4864011I,engine_ignition
c-1373204l,engine_check
s20760279R,engine_ignition
Q-6801244w,engine_ignition
j-1525984M,wheel_shake
g15127735p,gear_stick
o-6003605D,engine_check
T20480868l,wheel_shake
L-2237726m,another_bug
i-1653043d,engine_check
e13202386p,wheel_shake
c-1897028S,another_bug
X-1988310y,electro_bug
j-2905799s,engine_overheat
v-1314113m,electro_bug
f-7588456t,another_bug
d-3357473Z,engine_ignition
C13199480z,wheel_shake
G-8256087j,electro_bug
d53455608U,electro_bug
I11260129S,engine_overheat
Y61105476X,electro_bug
v21631473o,another_bug
A19449608p,wheel_shake
M30028163K,electro_bug
A-9008199l,gear_stick
I-8785624d,gear_stick
K-1281291H,break_bug
N-1297818q,engine_overheat
B-1306561S,engine_overheat
V-1338472o,engine_ignition
K19164814O,engine_ignition
Y-6248530S,another_bug
U-8634128G,another_bug
p17469537P,engine_fuel
c17690054u,engine_ignition
O57498526u,engine_fuel
q12940409p,engine_overheat
x-7891908J,another_bug
C47559741K,engine_overheat
K-1781021t,engine_ignition
D69617784G,engine_fuel
J60397339n,engine_ignition
w16240047H,engine_fuel
J-1791671x,engine_overheat
m16593813q,break_bug
T17810004F,engine_ignition
a89870380R,another_bug
c16347742V,another_bug
I10387892R,engine_ignition
a-1685037J,engine_check
x14999822M,gear_stick
F-7985900H,another_bug
i-2203372A,engine_check
t11423664L,break_bug
D16051307X,engine_check
n-4283501J,engine_ignition
q-1307544y,engine_overheat
C-2088997I,engine_ignition
i68922653H,engine_check
b-4467728t,another_bug
U10674589e,engine_ignition
w-7065844i,engine_check
N19299776d,break_bug
j-5971487g,break_bug
F-2141476i,another_bug
U18220728D,break_bug
h81737263n,engine_check
n14558536A,break_bug
E-1742567J,engine_fuel
d29484185m,engine_ignition
E53958225K,gear_stick
Y-7505453u,engine_ignition
M-1869235d,wheel_shake
A20801969C,break_bug
W-1208090v,engine_ignition
z-7942751e,another_bug
U18609080O,break_bug
H16219587p,wheel_shake
v-3888138Z,engine_overheat
k46212517C,another_bug
B96153745u,engine_overheat
Y22925018i,gear_stick
S-2348164c,break_bug
i-9920881N,another_bug
C-4691384o,wheel_shake
s-9429296H,engine_ignition
Z20067347p,engine_overheat
j70882348H,engine_ignition
o-1550999j,another_bug
F-1241233m,engine_fuel
P77950095g,engine_ignition
c-1093239r,engine_overheat
W-2101812P,engine_fuel
M10460215s,engine_overheat
R-5499269K,electro_bug
U36597200T,engine_fuel
H15855972x,engine_check
f81655957c,another_bug
J-1664235v,another_bug
x10854115s,break_bug
O-5507967T,break_bug
V11870153j,another_bug
a22036327y,electro_bug
D-8814980M,gear_stick
v-7202742b,engine_overheat
N-1856415N,wheel_shake
k-1183039u,engine_overheat
r-2106848t,gear_stick
o19223711z,break_bug
h-1380720j,engine_overheat
F68628872n,engine_check
f-3904735U,another_bug
Z-1306701b,another_bug
R-1289012q,another_bug
O-5993474M,another_bug
v19715869z,another_bug
a-3518476S,break_bug
z-8020516C,electro_bug
S25340484X,engine_fuel
K12028635l,gear_stick
h-1364937G,engine_ignition
t-2348821H,another_bug
m-3702455z,another_bug
u-1274806W,gear_stick
F10863170z,engine_fuel
U96586459l,wheel_shake
k22191275i,another_bug
o60594973S,wheel_shake
h-1063718W,another_bug
E-1893941U,engine_check
R60379401P,engine_check
d22859760p,electro_bug
u-1199892s,break_bug
k15046364A,break_bug
l18596175J,gear_stick
Z-1176663g,engine_fuel
f18174486n,another_bug
h-8739887x,engine_ignition
X-1953740Z,engine_ignition
d-1082634N,another_bug
s-8353397F,engine_ignition
P-2156318w,engine_check
C-2199252t,another_bug
S-2193792g,electro_bug
l22591492K,wheel_shake
M-8918922o,engine_check
A15882731W,engine_ignition
G86360617b,engine_ignition
n-2261667v,another_bug
U48732452V,another_bug
V22805586d,engine_check
f-1450159L,another_bug
y16943799J,another_bug
p71502477g,break_bug
O20409102v,engine_check
I-1139811v,electro_bug
e-5334935L,wheel_shake
j12476979b,engine_fuel
m-1178766z,engine_overheat
J-1441676d,engine_ignition
Y13166101n,engine_overheat
I79313747c,electro_bug
L25778056T,engine_overheat
f19759755i,electro_bug
I-4371197o,engine_check
M19605211J,electro_bug
u10736193U,break_bug
E-1482006d,engine_fuel
Y14608758m,engine_check
W38842443R,wheel_shake
F-1340073v,engine_fuel
l86155688l,engine_overheat
Y13276473i,gear_stick
V-1831642V,another_bug
F-3380027j,engine_ignition
k17689652F,engine_fuel
c14495400X,engine_fuel
k-2119210x,engine_fuel
S-2279835e,electro_bug
W10838666u,another_bug
S-5574287F,break_bug
Z12414847L,engine_overheat
L-2881986D,engine_overheat
N13042861J,engine_check
R20996786e,engine_ignition
d-3864678Z,engine_fuel
A-6210895x,wheel_shake
N92848218F,another_bug
H-1045398J,electro_bug
i-3421863j,engine_fuel
d-1110603b,engine_fuel
l80715931C,engine_fuel
w88345223o,electro_bug
R-1686032Q,electro_bug
V35794162Z,another_bug
N11789518V,engine_fuel
u20059199A,electro_bug
F-1410432P,electro_bug
o-5532498z,gear_stick
J-1224817u,engine_overheat
n11673035D,gear_stick
j21912248Y,engine_check
e-1695543N,break_bug
J-9861324B,engine_ignition
M-1187466N,break_bug
Q-2093337i,break_bug
z20835585C,another_bug
N14328968y,engine_fuel
A55850958o,another_bug
T-3261908A,engine_ignition
i-9620360K,engine_overheat
T-1149045U,break_bug
N-1400458X,engine_overheat
e-2225378m,engine_fuel
i-1617879B,another_bug
u14596329E,wheel_shake
b19046362T,another_bug
R12225533H,gear_stick
I58480077b,break_bug
I-1596071N,engine_ignition
U-4323126X,engine_fuel
d27891254L,break_bug
D21171246W,engine_overheat
z88552102r,engine_fuel
p88504410S,gear_stick
I63593296m,engine_fuel
W-2114147K,break_bug
e-6373354q,engine_overheat
p-2150368z,gear_stick
V32168571r,another_bug
A-1212866g,engine_overheat
g34195185A,engine_fuel
C17382405c,wheel_shake
n-7946671X,engine_ignition
L-1765024Y,wheel_shake
C22065734x,engine_overheat
H-2055845u,another_bug
q-2064956g,wheel_shake
z16670378g,engine_overheat
v-2072270w,engine_check
o-7885101a,engine_fuel
h33605793G,another_bug
j-6809933T,break_bug
E78992199F,engine_check
T-2305654A,break_bug
s49174717i,engine_check
A22744977T,gear_stick
v19335541M,another_bug
L-9227715t,engine_fuel
c19595905O,another_bug
d16503420T,another_bug
Q-6419315j,electro_bug
i-5024926V,engine_ignition
R16647340Y,another_bug
j-4522853j,engine_ignition
g-1285342b,wheel_shake
S22782800w,gear_stick
I13880350H,break_bug
i43216533Y,engine_overheat
b76271184n,gear_stick
A16256189O,wheel_shake
T-1194167w,break_bug
E20260568P,another_bug
o71353756C,engine_check
T16323425n,engine_ignition
i25935244f,break_bug
t38567453i,engine_check
i-2272925h,engine_ignition
s-1801201w,break_bug
o11037716F,electro_bug
R60028413W,break_bug
Z19730200B,engine_overheat
l-4636153a,wheel_shake
s41578470O,another_bug
c-1687462t,electro_bug
S44468918z,engine_ignition
G14219161C,engine_ignition
y17531625D,another_bug
d76751911H,engine_overheat
d-2269551f,engine_fuel
P99382945d,engine_ignition
j73904810H,engine_overheat
v10938328B,engine_overheat
k16440752z,another_bug
G-1325837q,another_bug
h75652484C,another_bug
F97649767V,engine_fuel
F-3716050p,wheel_shake
x-1390684u,electro_bug
i11107340X,electro_bug
a13429625g,engine_overheat
r-9842525X,engine_overheat
o-2084026Z,break_bug
D-8343790Y,engine_check
N20784862T,another_bug
U-1010333k,wheel_shake
v-1419892p,engine_ignition
w19363590O,another_bug
r-1444214q,another_bug
x-2014448g,engine_check
D43022034i,engine_check
a-1541679i,wheel_shake
F14621726C,engine_check
Z-9391011o,break_bug
p-2162206l,another_bug
T-2165919j,engine_check
c85976056j,another_bug
h-6446176Z,break_bug
e10418984A,electro_bug
U-2198918h,engine_ignition
C-2133501n,gear_stick
Q20725165X,engine_check
q17414994T,engine_ignition
T-1436029z,engine_overheat
l-9425050E,break_bug
W12612811s,engine_fuel
p81278299V,electro_bug
W15630506y,gear_stick
y80675297T,engine_ignition
v-9478926l,engine_fuel
j-1658251P,engine_fuel
e20126338L,another_bug
Z-7538666E,wheel_shake
o21357241b,break_bug
A17238174O,engine_overheat
T11264845j,gear_stick
F19111984s,engine_overheat
D-1941672d,electro_bug
c-8312768t,electro_bug
Z22143155g,engine_check
A-1339302E,wheel_shake
T-3892356u,break_bug
a12753423Z,break_bug
R-2145994p,another_bug
x76630032Q,engine_check
h-4302417Z,engine_fuel
f12721664R,engine_overheat
j-2147081A,electro_bug
X15245300K,engine_ignition
t-3156021T,engine_overheat
z14702530h,engine_fuel
L17943354C,electro_bug
Q63863077b,electro_bug
M19070280R,engine_overheat
D-1914841g,electro_bug
h-1565131M,gear_stick
v-1060741r,engine_check
i-7335662A,electro_bug
P61130133Z,engine_ignition
a-2207351y,engine_ignition
P21563223q,engine_fuel
k16017259i,engine_fuel
c-1700263W,engine_fuel
P-8967702e,engine_fuel
Q25711088D,gear_stick
c-1466740Q,gear_stick
D-1451370R,engine_ignition
H-1737219v,engine_ignition
i17566636l,wheel_shake
M-2217876T,gear_stick
B-6075066U,electro_bug
k79382240u,engine_fuel
N17715701k,engine_overheat
G14693961d,engine_fuel
z18526691V,another_bug
H-9904968u,break_bug
Y-1695887Y,wheel_shake
g17174649w,electro_bug
J16336019m,another_bug
t20701685F,another_bug
e20479788i,break_bug
G21891574r,electro_bug
e13631948E,engine_fuel
x-3621381P,another_bug
u-1657531t,wheel_shake
G-1780744N,break_bug
z13179432m,engine_overheat
P13948846i,engine_overheat
P-6283530p,engine_overheat
S-2548532O,another_bug
E15820206N,engine_overheat
U27813375f,break_bug
h-2170963p,engine_check
s13637259U,wheel_shake
q11934116o,engine_ignition
e10939790h,break_bug
G25363088Q,engine_overheat
j53991237s,another_bug
x-1417921L,electro_bug
s-6858154a,engine_check
q-6603413P,engine_ignition
r88940894p,another_bug
n38378798Z,engine_fuel
N11027184D,engine_ignition
l-4034296d,engine_check
z-9778677Y,wheel_shake
C-8610260V,engine_fuel
K22968561k,break_bug
I15495796Q,engine_fuel
R53962754b,electro_bug
e48693721L,another_bug
s-1847489Q,break_bug
R96404664C,break_bug
a-1238367M,engine_check
y97096369j,engine_overheat
T12544551z,engine_check
T-1951473n,engine_fuel
Z19390315B,engine_overheat
M-9314451W,engine_fuel
L57020272c,gear_stick
U-5958308A,engine_ignition
g-2118505B,engine_check
e18380652F,break_bug
I-2277714I,engine_ignition
Z71461439z,electro_bug
R-2938500R,break_bug
y40197494O,another_bug
S53588902J,engine_fuel
L-1184669a,electro_bug
F-8043423F,break_bug
v20074895N,electro_bug
W-1338178U,engine_fuel
b13604088M,electro_bug
c-9896043w,electro_bug
g-6399169I,gear_stick
k19700765q,another_bug
z19966164Q,another_bug
o93410497O,break_bug
Q16945420M,engine_overheat
X21197453l,wheel_shake
s-1009787J,engine_check
M-1654236i,electro_bug
b-2240404B,engine_overheat
F16350822T,gear_stick
A-1608657s,electro_bug
D13699005q,engine_fuel
m16571747n,electro_bug
D20167167k,engine_check
g-1599677s,break_bug
V-7454239h,wheel_shake
C23824603p,engine_overheat
t-8275406t,gear_stick
S22915873L,another_bug
O16820938h,engine_check
K82355902i,engine_overheat
a42973440M,engine_overheat
d-3614372c,gear_stick
p78292730w,break_bug
y-2190664d,another_bug
p27005604p,engine_check
D27525581p,electro_bug
J-6997369F,engine_overheat
R35740536k,engine_check
c-1920189k,engine_overheat
h14723269c,another_bug
M-3817392b,engine_ignition
W78123844w,wheel_shake
c21824393G,wheel_shake
X-1469749d,wheel_shake
d-2187849C,engine_ignition
Q-2891162b,break_bug
C-1638133n,engine_check
N-2049634s,engine_overheat
s36373730n,wheel_shake
u47848099L,electro_bug
c48490818G,another_bug
Q-2744073C,another_bug
u14075533U,gear_stick
S18399131I,electro_bug
n-2001969y,another_bug
B-2187232f,engine_check
x-1180316Y,engine_ignition
h12634147C,another_bug
b-1966964a,gear_stick
V18899000d,engine_check
G-1368325w,gear_stick
w-1247868h,engine_fuel
q21633495Y,electro_bug
Q17979940I,another_bug
s46294921l,another_bug
G-1224871w,break_bug
K-1226233m,break_bug
u-7572030c,wheel_shake
x-8104950e,another_bug
Z-1256191x,engine_check
U22974305t,engine_ignition
d-1048694g,engine_fuel
g-1358736t,engine_check
y11353136J,gear_stick
O20924854N,electro_bug
j76075239x,another_bug
j17651556X,engine_ignition
l-9258132s,another_bug
u-2714514k,another_bug
J-3223532m,engine_ignition
I10312253o,gear_stick
f-1536685V,gear_stick
K-3713662N,another_bug
t21261348y,break_bug
E19388457d,engine_check
b-1093681m,wheel_shake
N-1468673u,engine_fuel
H-8111071Z,engine_check
K-8643562H,engine_fuel
I50288585O,break_bug
E49677486j,engine_ignition
F13787532D,engine_ignition
u-2125626P,engine_fuel
j21721060Q,electro_bug
B-8526248M,engine_overheat
W-5714453P,engine_overheat
B12622585d,gear_stick
k13663321f,engine_check
d17523173I,another_bug
r13503517y,engine_fuel
o28033769y,gear_stick
z53340873C,electro_bug
q-7367158S,engine_ignition
Z-1761100p,gear_stick
z-1558142P,electro_bug
w-4498521u,electro_bug
l82537484n,gear_stick
u27832764a,another_bug
e-9045954z,engine_ignition
F25253535S,gear_stick
c-3898913b,wheel_shake
y41333284j,another_bug
F-3245602t,engine_ignition
w21248537Y,break_bug
n-1268341B,wheel_shake
p-2222007K,electro_bug
Z-2186740Y,break_bug
G84297276v,engine_fuel
e19469963o,engine_check
L17726474Z,electro_bug
S67070056M,engine_fuel
T-1951754S,electro_bug
x54264804o,electro_bug
z-2260040t,break_bug
c-2224791A,break_bug
L78095152z,wheel_shake
i-1737805h,another_bug
I-4511086u,engine_fuel
z-2002950u,engine_fuel
h-2251459N,engine_ignition
O11308176E,gear_stick
t55801514b,engine_fuel
O21044561r,engine_overheat
x12068478K,electro_bug
r13307202k,engine_ignition
E-2168810Q,engine_ignition
k60361443L,engine_fuel
z-3315216m,engine_fuel
e-1558403j,engine_overheat
u92049567g,another_bug
f21144777W,engine_overheat
p-4363747s,break_bug
p-7945612w,gear_stick
u-3089599k,engine_check
Z78288007B,electro_bug
r76495678K,gear_stick
k-5845621Q,engine_check
s-2248857x,engine_check
v-2478990o,gear_stick
D93110024A,engine_fuel
k16111683w,engine_fuel
S10717818z,engine_check
r-6574900k,engine_fuel
n40070203q,another_bug
v-1711215I,engine_check
s-1866026H,engine_overheat
l81725323I,another_bug
b-1517122A,engine_check
Q-1563547F,break_bug
c-2019037N,engine_fuel
w-1933500o,engine_check
P32749800G,gear_stick
X-4146675a,engine_fuel
D22792316b,engine_overheat
r-9529383m,electro_bug
Z63445697G,another_bug
S-1645931x,engine_fuel
z-1900077g,electro_bug
I84736495v,engine_fuel
e46710215f,electro_bug
V19044167Z,engine_ignition
b-1408548p,electro_bug
e-2035761B,electro_bug
A-6502284m,engine_check
g15521867m,engine_ignition
u-4386204M,another_bug
K16273278d,gear_stick
i-9920457d,engine_ignition
z-2271698E,break_bug
C-1701620q,another_bug
U-2232193q,another_bug
E-9065992y,gear_stick
q-1819408f,another_bug
D11560402q,engine_check
s-1115179Z,break_bug
J14090345N,gear_stick
T19812510Z,break_bug
C60420180z,engine_fuel
e-1045027o,engine_ignition
i10117278T,engine_fuel
v-3695964r,engine_fuel
R10951171M,break_bug
t22959377i,engine_ignition
q12862550e,engine_ignition
E-1313024p,another_bug
i-1714288C,engine_overheat
o30238641y,break_bug
R-1830010G,engine_overheat
m-1163110t,engine_fuel
e-2281723r,break_bug
Y-2836378I,engine_ignition
K-8315064V,engine_overheat
X21869010z,engine_fuel
e-1391271T,engine_fuel
w43121559W,engine_ignition
e-2993932Z,break_bug
z-4682325y,engine_ignition
J10303703x,another_bug
r-8496379Y,another_bug
u-2612249C,engine_overheat
J13064932A,engine_fuel
Q-3330229u,engine_ignition
Q-1841365A,gear_stick
l22658238U,break_bug
P-1509925x,gear_stick
g-1180127u,gear_stick
v-1516109T,another_bug
e-2118673W,engine_check
K48730967M,break_bug
A-1899814y,engine_fuel
i-8144639t,break_bug
E-1592439H,another_bug
A17775800f,wheel_shake
e-1953934K,engine_fuel
x18281567D,engine_fuel
B-2191377U,electro_bug
b43782420V,wheel_shake
C16471216x,another_bug
R16688267w,engine_check
t56181272O,wheel_shake
k57354736t,gear_stick
x-6190503c,electro_bug
x-5044253s,gear_stick
D18431139d,engine_ignition
F94191656R,gear_stick
W-3637653f,wheel_shake
o-1813249v,engine_fuel
u-1797852s,break_bug
A19827066C,engine_ignition
J-1819045d,engine_check
m12526908k,gear_stick
C-2737175e,engine_check
A13217035R,engine_overheat
s23982958o,electro_bug
S-4806682y,gear_stick
V75959867D,engine_ignition
x-6895837k,another_bug
G-1735998g,gear_stick
a20437010k,another_bug
P11874185z,engine_ignition
S-1709369d,break_bug
E34762732b,gear_stick
P14880208X,break_bug
w17234839y,gear_stick
E-1989970G,engine_fuel
r-2192948R,another_bug
j17822137N,break_bug
X30471026p,gear_stick
U22520059e,electro_bug
C-7033279N,engine_ignition
M36403563G,engine_ignition
D10147503F,engine_ignition
t64160493k,engine_ignition
q-1438546r,electro_bug
f-1792521u,another_bug
f18622639s,engine_ignition
D-1013261V,another_bug
g-1901033S,engine_overheat
h12295492E,engine_check
L-2089322Z,electro_bug
D-5636004F,another_bug
W17841923K,another_bug
y19652219U,gear_stick
Y-1815797V,gear_stick
o13834114A,engine_overheat
g-4651657z,engine_ignition
K-1504798H,engine_fuel
p-3763747K,another_bug
k19762503l,wheel_shake
i-2274632G,another_bug
F99812683N,engine_overheat
E-5416202o,engine_fuel
a-3750149g,break_bug
Z-2192835R,engine_overheat
f-2032059S,wheel_shake
L95352453f,break_bug
l11881329g,engine_overheat
k-1342364k,electro_bug
r-4639982x,gear_stick
V10482583V,engine_fuel
J-2256905Q,electro_bug
B-1675606c,engine_ignition
J-6297401k,break_bug
W17679522b,gear_stick
p-1739940P,engine_ignition
S-1499062H,engine_fuel
L20230547w,gear_stick
P-4063916w,engine_overheat
m-2053724C,engine_overheat
M10762089N,another_bug
v32384281G,engine_ignition
J-1357975B,engine_ignition
K85005457r,engine_check
P-1279624J,engine_check
C-1858465z,engine_fuel
Z-8722732F,gear_stick
g-1675469j,wheel_shake
z-2604531R,engine_ignition
y-2223970Z,break_bug
o12180556G,engine_overheat
G10018610v,break_bug
R16224094y,break_bug
N14257920I,engine_ignition
L-1160366H,another_bug
x-4108326q,engine_ignition
T19574703T,electro_bug
O-5943827g,engine_check
N11980907h,engine_check
T-1616317V,electro_bug
R-1846204f,electro_bug
U19399094j,another_bug
i22923359Q,engine_overheat
z16605227R,engine_check
l21484984H,break_bug
z21656080h,wheel_shake
H-1992717y,gear_stick
s30128601C,engine_overheat
S16314704w,engine_ignition
V-2436543l,wheel_shake
G-2132001e,engine_ignition
n16024987Q,engine_fuel
x13868737Y,break_bug
q-1905989R,engine_fuel
N-1797985m,another_bug
D-1709421R,wheel_shake
B15568172z,break_bug
s-8790654y,another_bug
J20515718k,electro_bug
h-9975968h,engine_check
o47363853P,gear_stick
C-1502288Z,engine_check
l10904137u,break_bug
y-3862707I,another_bug
Y-1186735P,wheel_shake
S12499215R,gear_stick
A19109733m,engine_overheat
N77789149J,another_bug
W-1815101G,another_bug
S-1031975f,gear_stick
f-1402597y,gear_stick
B21903363i,engine_overheat
o11107054l,engine_overheat
W78116644y,engine_overheat
z12480936S,break_bug
u74110085E,another_bug
n-1683376J,engine_fuel
q-2098314k,another_bug
f46706351K,break_bug
a-6889637m,another_bug
G95423952X,break_bug
c-8849274o,another_bug
N-2046413I,electro_bug
D-1802080a,engine_fuel
x82185023t,engine_fuel
t-1496604f,engine_ignition
e15001389e,break_bug
C-1527131h,electro_bug
o16560821G,break_bug
I-3469531Q,engine_overheat
b21618191t,break_bug
s16034243j,another_bug
m16821630b,gear_stick
W66753488j,engine_overheat
E-2118420J,engine_ignition
H-6486828z,engine_fuel
t-1092971M,gear_stick
A17388179s,engine_fuel
B-3038491K,wheel_shake
v-1976258q,gear_stick
C-4710112T,break_bug
r22698377M,engine_ignition
d62649713k,gear_stick
s-4421886j,engine_overheat
m45451931O,gear_stick
x18704139t,break_bug
u-1820438J,engine_fuel
I-4266636F,wheel_shake
L19798078R,gear_stick
s33598548w,engine_ignition
K-3079878y,gear_stick
F-1777483V,electro_bug
Z21069704o,engine_ignition
a30626267Y,engine_overheat
i12243577F,electro_bug
F-8794962N,wheel_shake
h-1502781l,wheel_shake
M42918132p,engine_fuel
H88336843T,engine_ignition
s11309962l,engine_check
A16297646e,engine_overheat
L17381633f,engine_overheat
o-4656018N,engine_ignition
J-2139034w,engine_ignition
r-1295654T,another_bug
L13263890n,engine_overheat
t-9648241u,gear_stick
z13138944x,engine_check
E21805541c,engine_fuel
a-5124485J,engine_fuel
w-2194606D,engine_ignition
v14645783V,gear_stick
U-1815410W,another_bug
f-2056430k,gear_stick
